{
    "whole": {
        "0.001": [
            0.37272727489471436,
            0.663636326789856,
            0.8545454144477844
        ],
        "0.0001": [
            0.2590909004211426,
            0.5409090518951416,
            0.7318181395530701
        ]
    },
    "dominant+opposite": {
        "0.001": [
            0.5339806079864502,
            0.7864077687263489,
            0.9174757599830627
        ],
        "0.0001": [
            0.5291262269020081,
            0.762135922908783,
            0.8980582356452942
        ]
    },
    "whole+dominant+opposite": {
        "0.001": [
            0.5339806079864502,
            0.8009708523750305,
            0.9174757599830627
        ],
        "0.0001": [
            0.5242718458175659,
            0.7669903039932251,
            0.9077669978141785
        ]
    }
}