{
    "0.001": [
        0.553398072719574,
        0.762135922908783,
        0.8883495330810547
    ],
    "0.0001": [
        0.5388349294662476,
        0.7669903039932251,
        0.8834951519966125
    ]
}