{
    "whole": {
        "0.001": [
            0.3272727131843567,
            0.5636363625526428,
            0.6954545378684998
        ],
        "0.0001": [
            0.23636363446712494,
            0.49090906977653503,
            0.6272727251052856
        ]
    },
    "dominant+opposite": {
        "0.001": [
            0.5388349294662476,
            0.791262149810791,
            0.9174757599830627
        ],
        "0.0001": [
            0.5145630836486816,
            0.7864077687263489,
            0.9223300814628601
        ]
    },
    "whole+dominant+opposite": {
        "0.001": [
            0.5339806079864502,
            0.7766990661621094,
            0.9126213788986206
        ],
        "0.0001": [
            0.5145630836486816,
            0.7669903039932251,
            0.8883495330810547
        ]
    }
}